NAME,USERNAME,URL
Covance Jobs,CovanceJobs,https://twitter.com/CovanceJobs
Chief JusticeğŸ’¡ğŸ‡¬ğŸ‡­ğŸ’¡,Qhweku_Sterling,https://twitter.com/Qhweku_Sterling
James Jay Carafano,JJCarafano,https://twitter.com/JJCarafano
Pam,pamelaaobrien,https://twitter.com/pamelaaobrien
ã‚Šã‚Šã¾ã‚‹ã¯ã¡ã‚‡ã£ã¨å¿™ã—ã„,kmt_tzuz,https://twitter.com/kmt_tzuz
kumi.99 ^0^v,kumitsumo99,https://twitter.com/kumitsumo99
"gj1023, very happy in Angus.ğŸ´ó §ó ¢ó ³ó £ó ´ó ¿",gj1023,https://twitter.com/gj1023
Blkhwk0ps Servicios Digitales,BlkHwk0ps,https://twitter.com/BlkHwk0ps
Tony Healy,TonyHealy5,https://twitter.com/TonyHealy5
Florida_Boy ğŸ’°,Jay_Something1,https://twitter.com/Jay_Something1
Israel News Links,IsraelNewsLinks,https://twitter.com/IsraelNewsLinks
AyÃ³ ğŸ´â€â˜ ï¸,akanji_tomiwa,https://twitter.com/akanji_tomiwa
Loreto,Loreto_1910,https://twitter.com/Loreto_1910
Inc.,Inc,https://twitter.com/Inc
NÉªÊŸá´€ Ká´€ÊŸÊŸÊá´€É´ÉªğŸ¦,NilaKallyani,https://twitter.com/NilaKallyani
Office of Dr. Ashwathnarayan,OfficeofAshwath,https://twitter.com/OfficeofAshwath
Delissa Moreblood,BluffinMuffinD,https://twitter.com/BluffinMuffinD
Davido'sÂ©,GiftedHands_OFR,https://twitter.com/GiftedHands_OFR
Kranthiquotes,kranthimirinda,https://twitter.com/kranthimirinda
Andrea De Mauro,about_big_data,https://twitter.com/about_big_data
DGMG,joindgmg,https://twitter.com/joindgmg
NDMA India | à¤°à¤¾à¤·à¥à¤Ÿà¥à¤°à¥€à¤¯ à¤†à¤ªà¤¦à¤¾ à¤ªà¥à¤°à¤¬à¤‚à¤§à¤¨ à¤ªà¥à¤°à¤¾à¤§à¤¿à¤•à¤°à¤£ ğŸ‡®ğŸ‡³,ndmaindia,https://twitter.com/ndmaindia
Oluwakemi Adeleke,SpontaneousKemi,https://twitter.com/SpontaneousKemi
Saptarshi,SaptarshiTHC,https://twitter.com/SaptarshiTHC
Edinburgh Watch,EdinburghWatch,https://twitter.com/EdinburghWatch
ZakCher,secularinc,https://twitter.com/secularinc
SDxCentral IT Infrastructure News,sdxtech,https://twitter.com/sdxtech
SDxCentral News,sdxcentral,https://twitter.com/sdxcentral
Liliana Gheorghescu,liliana_dorina,https://twitter.com/liliana_dorina
Want Remote Job?,WantRemoteJob,https://twitter.com/WantRemoteJob
Tim Bryson,timothyfbryson,https://twitter.com/timothyfbryson
Spectator Life,Spectator_LIFE,https://twitter.com/Spectator_LIFE
Mayank Aggarwal,journomayank,https://twitter.com/journomayank
à®ªà®¿à®°à®ªà¯ à®‡à®°à®¾à®®à¯Â®ï¸,prabhu_ram26,https://twitter.com/prabhu_ram26
áŠ“ áŠ¤ á‰¥ ğŸ‡ªğŸ‡·â™¥ï¸ğŸ‡ªğŸ‡·,EriAsmarino,https://twitter.com/EriAsmarino
Hagee Ministries,HageeMinistries,https://twitter.com/HageeMinistries
Juan manuel sanchez,Juanbilbo7,https://twitter.com/Juanbilbo7
Covance Jobs,CovanceJobs,https://twitter.com/CovanceJobs
Chief JusticeğŸ’¡ğŸ‡¬ğŸ‡­ğŸ’¡,Qhweku_Sterling,https://twitter.com/Qhweku_Sterling
James Jay Carafano,JJCarafano,https://twitter.com/JJCarafano
Pam,pamelaaobrien,https://twitter.com/pamelaaobrien
ã‚Šã‚Šã¾ã‚‹ã¯ã¡ã‚‡ã£ã¨å¿™ã—ã„,kmt_tzuz,https://twitter.com/kmt_tzuz
kumi.99 ^0^v,kumitsumo99,https://twitter.com/kumitsumo99
"gj1023, very happy in Angus.ğŸ´ó §ó ¢ó ³ó £ó ´ó ¿",gj1023,https://twitter.com/gj1023
Blkhwk0ps Servicios Digitales,BlkHwk0ps,https://twitter.com/BlkHwk0ps
Tony Healy,TonyHealy5,https://twitter.com/TonyHealy5
Florida_Boy ğŸ’°,Jay_Something1,https://twitter.com/Jay_Something1
Israel News Links,IsraelNewsLinks,https://twitter.com/IsraelNewsLinks
AyÃ³ ğŸ´â€â˜ ï¸,akanji_tomiwa,https://twitter.com/akanji_tomiwa
Loreto,Loreto_1910,https://twitter.com/Loreto_1910
Inc.,Inc,https://twitter.com/Inc
NÉªÊŸá´€ Ká´€ÊŸÊŸÊá´€É´ÉªğŸ¦,NilaKallyani,https://twitter.com/NilaKallyani
Office of Dr. Ashwathnarayan,OfficeofAshwath,https://twitter.com/OfficeofAshwath
Delissa Moreblood,BluffinMuffinD,https://twitter.com/BluffinMuffinD
Davido'sÂ©,GiftedHands_OFR,https://twitter.com/GiftedHands_OFR
Kranthiquotes,kranthimirinda,https://twitter.com/kranthimirinda
Andrea De Mauro,about_big_data,https://twitter.com/about_big_data
DGMG,joindgmg,https://twitter.com/joindgmg
NDMA India | à¤°à¤¾à¤·à¥à¤Ÿà¥à¤°à¥€à¤¯ à¤†à¤ªà¤¦à¤¾ à¤ªà¥à¤°à¤¬à¤‚à¤§à¤¨ à¤ªà¥à¤°à¤¾à¤§à¤¿à¤•à¤°à¤£ ğŸ‡®ğŸ‡³,ndmaindia,https://twitter.com/ndmaindia
Oluwakemi Adeleke,SpontaneousKemi,https://twitter.com/SpontaneousKemi
Saptarshi,SaptarshiTHC,https://twitter.com/SaptarshiTHC
Edinburgh Watch,EdinburghWatch,https://twitter.com/EdinburghWatch
ZakCher,secularinc,https://twitter.com/secularinc
SDxCentral IT Infrastructure News,sdxtech,https://twitter.com/sdxtech
SDxCentral News,sdxcentral,https://twitter.com/sdxcentral
Liliana Gheorghescu,liliana_dorina,https://twitter.com/liliana_dorina
Want Remote Job?,WantRemoteJob,https://twitter.com/WantRemoteJob
Tim Bryson,timothyfbryson,https://twitter.com/timothyfbryson
Spectator Life,Spectator_LIFE,https://twitter.com/Spectator_LIFE
Mayank Aggarwal,journomayank,https://twitter.com/journomayank
Hagee Ministries,HageeMinistries,https://twitter.com/HageeMinistries
Juan manuel sanchez,Juanbilbo7,https://twitter.com/Juanbilbo7
Covance Jobs,CovanceJobs,https://twitter.com/CovanceJobs
Chief JusticeğŸ’¡ğŸ‡¬ğŸ‡­ğŸ’¡,Qhweku_Sterling,https://twitter.com/Qhweku_Sterling
James Jay Carafano,JJCarafano,https://twitter.com/JJCarafano
Pam,pamelaaobrien,https://twitter.com/pamelaaobrien
ã‚Šã‚Šã¾ã‚‹ã¯ã¡ã‚‡ã£ã¨å¿™ã—ã„,kmt_tzuz,https://twitter.com/kmt_tzuz
kumi.99 ^0^v,kumitsumo99,https://twitter.com/kumitsumo99
"gj1023, very happy in Angus.ğŸ´ó §ó ¢ó ³ó £ó ´ó ¿",gj1023,https://twitter.com/gj1023
Blkhwk0ps Servicios Digitales,BlkHwk0ps,https://twitter.com/BlkHwk0ps
Tony Healy,TonyHealy5,https://twitter.com/TonyHealy5
Florida_Boy ğŸ’°,Jay_Something1,https://twitter.com/Jay_Something1
Israel News Links,IsraelNewsLinks,https://twitter.com/IsraelNewsLinks
AyÃ³ ğŸ´â€â˜ ï¸,akanji_tomiwa,https://twitter.com/akanji_tomiwa
Loreto,Loreto_1910,https://twitter.com/Loreto_1910
Inc.,Inc,https://twitter.com/Inc
NÉªÊŸá´€ Ká´€ÊŸÊŸÊá´€É´ÉªğŸ¦,NilaKallyani,https://twitter.com/NilaKallyani
Office of Dr. Ashwathnarayan,OfficeofAshwath,https://twitter.com/OfficeofAshwath
Delissa Moreblood,BluffinMuffinD,https://twitter.com/BluffinMuffinD
Davido'sÂ©,GiftedHands_OFR,https://twitter.com/GiftedHands_OFR
Kranthiquotes,kranthimirinda,https://twitter.com/kranthimirinda
Andrea De Mauro,about_big_data,https://twitter.com/about_big_data
DGMG,joindgmg,https://twitter.com/joindgmg
NDMA India | à¤°à¤¾à¤·à¥à¤Ÿà¥à¤°à¥€à¤¯ à¤†à¤ªà¤¦à¤¾ à¤ªà¥à¤°à¤¬à¤‚à¤§à¤¨ à¤ªà¥à¤°à¤¾à¤§à¤¿à¤•à¤°à¤£ ğŸ‡®ğŸ‡³,ndmaindia,https://twitter.com/ndmaindia
Oluwakemi Adeleke,SpontaneousKemi,https://twitter.com/SpontaneousKemi
Saptarshi,SaptarshiTHC,https://twitter.com/SaptarshiTHC
Edinburgh Watch,EdinburghWatch,https://twitter.com/EdinburghWatch
ZakCher,secularinc,https://twitter.com/secularinc
SDxCentral IT Infrastructure News,sdxtech,https://twitter.com/sdxtech
SDxCentral News,sdxcentral,https://twitter.com/sdxcentral
Liliana Gheorghescu,liliana_dorina,https://twitter.com/liliana_dorina
Want Remote Job?,WantRemoteJob,https://twitter.com/WantRemoteJob
Tim Bryson,timothyfbryson,https://twitter.com/timothyfbryson
Spectator Life,Spectator_LIFE,https://twitter.com/Spectator_LIFE
Mayank Aggarwal,journomayank,https://twitter.com/journomayank
ğŸ›  Dev Startup Jobs,DevStartupJobs,https://twitter.com/DevStartupJobs
Xavier Dias,reachxdias,https://twitter.com/reachxdias
Hagee Ministries,HageeMinistries,https://twitter.com/HageeMinistries
Juan manuel sanchez,Juanbilbo7,https://twitter.com/Juanbilbo7
Covance Jobs,CovanceJobs,https://twitter.com/CovanceJobs
Chief JusticeğŸ’¡ğŸ‡¬ğŸ‡­ğŸ’¡,Qhweku_Sterling,https://twitter.com/Qhweku_Sterling
James Jay Carafano,JJCarafano,https://twitter.com/JJCarafano
Pam,pamelaaobrien,https://twitter.com/pamelaaobrien
ã‚Šã‚Šã¾ã‚‹ã¯ã¡ã‚‡ã£ã¨å¿™ã—ã„,kmt_tzuz,https://twitter.com/kmt_tzuz
kumi.99 ^0^v,kumitsumo99,https://twitter.com/kumitsumo99
"gj1023, very happy in Angus.ğŸ´ó §ó ¢ó ³ó £ó ´ó ¿",gj1023,https://twitter.com/gj1023
Blkhwk0ps Servicios Digitales,BlkHwk0ps,https://twitter.com/BlkHwk0ps
Tony Healy,TonyHealy5,https://twitter.com/TonyHealy5
Florida_Boy ğŸ’°,Jay_Something1,https://twitter.com/Jay_Something1
Israel News Links,IsraelNewsLinks,https://twitter.com/IsraelNewsLinks
AyÃ³ ğŸ´â€â˜ ï¸,akanji_tomiwa,https://twitter.com/akanji_tomiwa
Loreto,Loreto_1910,https://twitter.com/Loreto_1910
Inc.,Inc,https://twitter.com/Inc
NÉªÊŸá´€ Ká´€ÊŸÊŸÊá´€É´ÉªğŸ¦,NilaKallyani,https://twitter.com/NilaKallyani
Office of Dr. Ashwathnarayan,OfficeofAshwath,https://twitter.com/OfficeofAshwath
Delissa Moreblood,BluffinMuffinD,https://twitter.com/BluffinMuffinD
Davido'sÂ©,GiftedHands_OFR,https://twitter.com/GiftedHands_OFR
Kranthiquotes,kranthimirinda,https://twitter.com/kranthimirinda
Andrea De Mauro,about_big_data,https://twitter.com/about_big_data
DGMG,joindgmg,https://twitter.com/joindgmg
NDMA India | à¤°à¤¾à¤·à¥à¤Ÿà¥à¤°à¥€à¤¯ à¤†à¤ªà¤¦à¤¾ à¤ªà¥à¤°à¤¬à¤‚à¤§à¤¨ à¤ªà¥à¤°à¤¾à¤§à¤¿à¤•à¤°à¤£ ğŸ‡®ğŸ‡³,ndmaindia,https://twitter.com/ndmaindia
Oluwakemi Adeleke,SpontaneousKemi,https://twitter.com/SpontaneousKemi
Saptarshi,SaptarshiTHC,https://twitter.com/SaptarshiTHC
Edinburgh Watch,EdinburghWatch,https://twitter.com/EdinburghWatch
ZakCher,secularinc,https://twitter.com/secularinc
SDxCentral IT Infrastructure News,sdxtech,https://twitter.com/sdxtech
SDxCentral News,sdxcentral,https://twitter.com/sdxcentral
Liliana Gheorghescu,liliana_dorina,https://twitter.com/liliana_dorina
Want Remote Job?,WantRemoteJob,https://twitter.com/WantRemoteJob
Tim Bryson,timothyfbryson,https://twitter.com/timothyfbryson
Spectator Life,Spectator_LIFE,https://twitter.com/Spectator_LIFE
ğŸ›  Dev Startup Jobs,DevStartupJobs,https://twitter.com/DevStartupJobs
Xavier Dias,reachxdias,https://twitter.com/reachxdias
Hagee Ministries,HageeMinistries,https://twitter.com/HageeMinistries
Juan manuel sanchez,Juanbilbo7,https://twitter.com/Juanbilbo7
Covance Jobs,CovanceJobs,https://twitter.com/CovanceJobs
Chief JusticeğŸ’¡ğŸ‡¬ğŸ‡­ğŸ’¡,Qhweku_Sterling,https://twitter.com/Qhweku_Sterling
James Jay Carafano,JJCarafano,https://twitter.com/JJCarafano
Pam,pamelaaobrien,https://twitter.com/pamelaaobrien
ã‚Šã‚Šã¾ã‚‹ã¯ã¡ã‚‡ã£ã¨å¿™ã—ã„,kmt_tzuz,https://twitter.com/kmt_tzuz
kumi.99 ^0^v,kumitsumo99,https://twitter.com/kumitsumo99
"gj1023, very happy in Angus.ğŸ´ó §ó ¢ó ³ó £ó ´ó ¿",gj1023,https://twitter.com/gj1023
Blkhwk0ps Servicios Digitales,BlkHwk0ps,https://twitter.com/BlkHwk0ps
Tony Healy,TonyHealy5,https://twitter.com/TonyHealy5
Florida_Boy ğŸ’°,Jay_Something1,https://twitter.com/Jay_Something1
Israel News Links,IsraelNewsLinks,https://twitter.com/IsraelNewsLinks
AyÃ³ ğŸ´â€â˜ ï¸,akanji_tomiwa,https://twitter.com/akanji_tomiwa
Loreto,Loreto_1910,https://twitter.com/Loreto_1910
Inc.,Inc,https://twitter.com/Inc
NÉªÊŸá´€ Ká´€ÊŸÊŸÊá´€É´ÉªğŸ¦,NilaKallyani,https://twitter.com/NilaKallyani
Office of Dr. Ashwathnarayan,OfficeofAshwath,https://twitter.com/OfficeofAshwath
Delissa Moreblood,BluffinMuffinD,https://twitter.com/BluffinMuffinD
Davido'sÂ©,GiftedHands_OFR,https://twitter.com/GiftedHands_OFR
Kranthiquotes,kranthimirinda,https://twitter.com/kranthimirinda
Andrea De Mauro,about_big_data,https://twitter.com/about_big_data
DGMG,joindgmg,https://twitter.com/joindgmg
NDMA India | à¤°à¤¾à¤·à¥à¤Ÿà¥à¤°à¥€à¤¯ à¤†à¤ªà¤¦à¤¾ à¤ªà¥à¤°à¤¬à¤‚à¤§à¤¨ à¤ªà¥à¤°à¤¾à¤§à¤¿à¤•à¤°à¤£ ğŸ‡®ğŸ‡³,ndmaindia,https://twitter.com/ndmaindia
Oluwakemi Adeleke,SpontaneousKemi,https://twitter.com/SpontaneousKemi
Saptarshi,SaptarshiTHC,https://twitter.com/SaptarshiTHC
Edinburgh Watch,EdinburghWatch,https://twitter.com/EdinburghWatch
ZakCher,secularinc,https://twitter.com/secularinc
SDxCentral IT Infrastructure News,sdxtech,https://twitter.com/sdxtech
SDxCentral News,sdxcentral,https://twitter.com/sdxcentral
Liliana Gheorghescu,liliana_dorina,https://twitter.com/liliana_dorina
Want Remote Job?,WantRemoteJob,https://twitter.com/WantRemoteJob
Tim Bryson,timothyfbryson,https://twitter.com/timothyfbryson
Spectator Life,Spectator_LIFE,https://twitter.com/Spectator_LIFE
ğŸ›  Dev Startup Jobs,DevStartupJobs,https://twitter.com/DevStartupJobs
Xavier Dias,reachxdias,https://twitter.com/reachxdias
Hagee Ministries,HageeMinistries,https://twitter.com/HageeMinistries
Juan manuel sanchez,Juanbilbo7,https://twitter.com/Juanbilbo7
Covance Jobs,CovanceJobs,https://twitter.com/CovanceJobs
Chief JusticeğŸ’¡ğŸ‡¬ğŸ‡­ğŸ’¡,Qhweku_Sterling,https://twitter.com/Qhweku_Sterling
James Jay Carafano,JJCarafano,https://twitter.com/JJCarafano
Pam,pamelaaobrien,https://twitter.com/pamelaaobrien
ã‚Šã‚Šã¾ã‚‹ã¯ã¡ã‚‡ã£ã¨å¿™ã—ã„,kmt_tzuz,https://twitter.com/kmt_tzuz
kumi.99 ^0^v,kumitsumo99,https://twitter.com/kumitsumo99
"gj1023, very happy in Angus.ğŸ´ó §ó ¢ó ³ó £ó ´ó ¿",gj1023,https://twitter.com/gj1023
Blkhwk0ps Servicios Digitales,BlkHwk0ps,https://twitter.com/BlkHwk0ps
Tony Healy,TonyHealy5,https://twitter.com/TonyHealy5
Florida_Boy ğŸ’°,Jay_Something1,https://twitter.com/Jay_Something1
Israel News Links,IsraelNewsLinks,https://twitter.com/IsraelNewsLinks
AyÃ³ ğŸ´â€â˜ ï¸,akanji_tomiwa,https://twitter.com/akanji_tomiwa
Loreto,Loreto_1910,https://twitter.com/Loreto_1910
Inc.,Inc,https://twitter.com/Inc
NÉªÊŸá´€ Ká´€ÊŸÊŸÊá´€É´ÉªğŸ¦,NilaKallyani,https://twitter.com/NilaKallyani
Office of Dr. Ashwathnarayan,OfficeofAshwath,https://twitter.com/OfficeofAshwath
Delissa Moreblood,BluffinMuffinD,https://twitter.com/BluffinMuffinD
Davido'sÂ©,GiftedHands_OFR,https://twitter.com/GiftedHands_OFR
Kranthiquotes,kranthimirinda,https://twitter.com/kranthimirinda
Andrea De Mauro,about_big_data,https://twitter.com/about_big_data
DGMG,joindgmg,https://twitter.com/joindgmg
NDMA India | à¤°à¤¾à¤·à¥à¤Ÿà¥à¤°à¥€à¤¯ à¤†à¤ªà¤¦à¤¾ à¤ªà¥à¤°à¤¬à¤‚à¤§à¤¨ à¤ªà¥à¤°à¤¾à¤§à¤¿à¤•à¤°à¤£ ğŸ‡®ğŸ‡³,ndmaindia,https://twitter.com/ndmaindia
Oluwakemi Adeleke,SpontaneousKemi,https://twitter.com/SpontaneousKemi
Saptarshi,SaptarshiTHC,https://twitter.com/SaptarshiTHC
Edinburgh Watch,EdinburghWatch,https://twitter.com/EdinburghWatch
ZakCher,secularinc,https://twitter.com/secularinc
SDxCentral IT Infrastructure News,sdxtech,https://twitter.com/sdxtech
SDxCentral News,sdxcentral,https://twitter.com/sdxcentral
Liliana Gheorghescu,liliana_dorina,https://twitter.com/liliana_dorina
Want Remote Job?,WantRemoteJob,https://twitter.com/WantRemoteJob
ğŸ›  Dev Startup Jobs,DevStartupJobs,https://twitter.com/DevStartupJobs
Xavier Dias,reachxdias,https://twitter.com/reachxdias
Hagee Ministries,HageeMinistries,https://twitter.com/HageeMinistries
Juan manuel sanchez,Juanbilbo7,https://twitter.com/Juanbilbo7
Covance Jobs,CovanceJobs,https://twitter.com/CovanceJobs
Chief JusticeğŸ’¡ğŸ‡¬ğŸ‡­ğŸ’¡,Qhweku_Sterling,https://twitter.com/Qhweku_Sterling
James Jay Carafano,JJCarafano,https://twitter.com/JJCarafano
Pam,pamelaaobrien,https://twitter.com/pamelaaobrien
ã‚Šã‚Šã¾ã‚‹ã¯ã¡ã‚‡ã£ã¨å¿™ã—ã„,kmt_tzuz,https://twitter.com/kmt_tzuz
kumi.99 ^0^v,kumitsumo99,https://twitter.com/kumitsumo99
"gj1023, very happy in Angus.ğŸ´ó §ó ¢ó ³ó £ó ´ó ¿",gj1023,https://twitter.com/gj1023
Blkhwk0ps Servicios Digitales,BlkHwk0ps,https://twitter.com/BlkHwk0ps
Tony Healy,TonyHealy5,https://twitter.com/TonyHealy5
Florida_Boy ğŸ’°,Jay_Something1,https://twitter.com/Jay_Something1
Israel News Links,IsraelNewsLinks,https://twitter.com/IsraelNewsLinks
AyÃ³ ğŸ´â€â˜ ï¸,akanji_tomiwa,https://twitter.com/akanji_tomiwa
Loreto,Loreto_1910,https://twitter.com/Loreto_1910
Inc.,Inc,https://twitter.com/Inc
NÉªÊŸá´€ Ká´€ÊŸÊŸÊá´€É´ÉªğŸ¦,NilaKallyani,https://twitter.com/NilaKallyani
Office of Dr. Ashwathnarayan,OfficeofAshwath,https://twitter.com/OfficeofAshwath
Delissa Moreblood,BluffinMuffinD,https://twitter.com/BluffinMuffinD
Davido'sÂ©,GiftedHands_OFR,https://twitter.com/GiftedHands_OFR
Kranthiquotes,kranthimirinda,https://twitter.com/kranthimirinda
Andrea De Mauro,about_big_data,https://twitter.com/about_big_data
DGMG,joindgmg,https://twitter.com/joindgmg
NDMA India | à¤°à¤¾à¤·à¥à¤Ÿà¥à¤°à¥€à¤¯ à¤†à¤ªà¤¦à¤¾ à¤ªà¥à¤°à¤¬à¤‚à¤§à¤¨ à¤ªà¥à¤°à¤¾à¤§à¤¿à¤•à¤°à¤£ ğŸ‡®ğŸ‡³,ndmaindia,https://twitter.com/ndmaindia
Oluwakemi Adeleke,SpontaneousKemi,https://twitter.com/SpontaneousKemi
Saptarshi,SaptarshiTHC,https://twitter.com/SaptarshiTHC
Edinburgh Watch,EdinburghWatch,https://twitter.com/EdinburghWatch
ZakCher,secularinc,https://twitter.com/secularinc
SDxCentral IT Infrastructure News,sdxtech,https://twitter.com/sdxtech
SDxCentral News,sdxcentral,https://twitter.com/sdxcentral
Liliana Gheorghescu,liliana_dorina,https://twitter.com/liliana_dorina
Want Remote Job?,WantRemoteJob,https://twitter.com/WantRemoteJob
ğŸ›  Dev Startup Jobs,DevStartupJobs,https://twitter.com/DevStartupJobs
Xavier Dias,reachxdias,https://twitter.com/reachxdias
Hagee Ministries,HageeMinistries,https://twitter.com/HageeMinistries
Juan manuel sanchez,Juanbilbo7,https://twitter.com/Juanbilbo7
Covance Jobs,CovanceJobs,https://twitter.com/CovanceJobs
Chief JusticeğŸ’¡ğŸ‡¬ğŸ‡­ğŸ’¡,Qhweku_Sterling,https://twitter.com/Qhweku_Sterling
James Jay Carafano,JJCarafano,https://twitter.com/JJCarafano
Pam,pamelaaobrien,https://twitter.com/pamelaaobrien
ã‚Šã‚Šã¾ã‚‹ã¯ã¡ã‚‡ã£ã¨å¿™ã—ã„,kmt_tzuz,https://twitter.com/kmt_tzuz
kumi.99 ^0^v,kumitsumo99,https://twitter.com/kumitsumo99
"gj1023, very happy in Angus.ğŸ´ó §ó ¢ó ³ó £ó ´ó ¿",gj1023,https://twitter.com/gj1023
Blkhwk0ps Servicios Digitales,BlkHwk0ps,https://twitter.com/BlkHwk0ps
Tony Healy,TonyHealy5,https://twitter.com/TonyHealy5
Florida_Boy ğŸ’°,Jay_Something1,https://twitter.com/Jay_Something1
Israel News Links,IsraelNewsLinks,https://twitter.com/IsraelNewsLinks
AyÃ³ ğŸ´â€â˜ ï¸,akanji_tomiwa,https://twitter.com/akanji_tomiwa
Loreto,Loreto_1910,https://twitter.com/Loreto_1910
Inc.,Inc,https://twitter.com/Inc
NÉªÊŸá´€ Ká´€ÊŸÊŸÊá´€É´ÉªğŸ¦,NilaKallyani,https://twitter.com/NilaKallyani
Office of Dr. Ashwathnarayan,OfficeofAshwath,https://twitter.com/OfficeofAshwath
Delissa Moreblood,BluffinMuffinD,https://twitter.com/BluffinMuffinD
Davido'sÂ©,GiftedHands_OFR,https://twitter.com/GiftedHands_OFR
Kranthiquotes,kranthimirinda,https://twitter.com/kranthimirinda
Andrea De Mauro,about_big_data,https://twitter.com/about_big_data
DGMG,joindgmg,https://twitter.com/joindgmg
NDMA India | à¤°à¤¾à¤·à¥à¤Ÿà¥à¤°à¥€à¤¯ à¤†à¤ªà¤¦à¤¾ à¤ªà¥à¤°à¤¬à¤‚à¤§à¤¨ à¤ªà¥à¤°à¤¾à¤§à¤¿à¤•à¤°à¤£ ğŸ‡®ğŸ‡³,ndmaindia,https://twitter.com/ndmaindia
Oluwakemi Adeleke,SpontaneousKemi,https://twitter.com/SpontaneousKemi
Saptarshi,SaptarshiTHC,https://twitter.com/SaptarshiTHC
Edinburgh Watch,EdinburghWatch,https://twitter.com/EdinburghWatch
ZakCher,secularinc,https://twitter.com/secularinc
SDxCentral IT Infrastructure News,sdxtech,https://twitter.com/sdxtech
SDxCentral News,sdxcentral,https://twitter.com/sdxcentral
Liliana Gheorghescu,liliana_dorina,https://twitter.com/liliana_dorina
Amber Naslund,AmberCadabra,https://twitter.com/AmberCadabra
ğŸ›  Dev Startup Jobs,DevStartupJobs,https://twitter.com/DevStartupJobs
Xavier Dias,reachxdias,https://twitter.com/reachxdias
Hagee Ministries,HageeMinistries,https://twitter.com/HageeMinistries
Juan manuel sanchez,Juanbilbo7,https://twitter.com/Juanbilbo7
Covance Jobs,CovanceJobs,https://twitter.com/CovanceJobs
Chief JusticeğŸ’¡ğŸ‡¬ğŸ‡­ğŸ’¡,Qhweku_Sterling,https://twitter.com/Qhweku_Sterling
James Jay Carafano,JJCarafano,https://twitter.com/JJCarafano
Pam,pamelaaobrien,https://twitter.com/pamelaaobrien
ã‚Šã‚Šã¾ã‚‹ã¯ã¡ã‚‡ã£ã¨å¿™ã—ã„,kmt_tzuz,https://twitter.com/kmt_tzuz
kumi.99 ^0^v,kumitsumo99,https://twitter.com/kumitsumo99
"gj1023, very happy in Angus.ğŸ´ó §ó ¢ó ³ó £ó ´ó ¿",gj1023,https://twitter.com/gj1023
Blkhwk0ps Servicios Digitales,BlkHwk0ps,https://twitter.com/BlkHwk0ps
Tony Healy,TonyHealy5,https://twitter.com/TonyHealy5
Florida_Boy ğŸ’°,Jay_Something1,https://twitter.com/Jay_Something1
Israel News Links,IsraelNewsLinks,https://twitter.com/IsraelNewsLinks
AyÃ³ ğŸ´â€â˜ ï¸,akanji_tomiwa,https://twitter.com/akanji_tomiwa
Loreto,Loreto_1910,https://twitter.com/Loreto_1910
Inc.,Inc,https://twitter.com/Inc
NÉªÊŸá´€ Ká´€ÊŸÊŸÊá´€É´ÉªğŸ¦,NilaKallyani,https://twitter.com/NilaKallyani
Office of Dr. Ashwathnarayan,OfficeofAshwath,https://twitter.com/OfficeofAshwath
Delissa Moreblood,BluffinMuffinD,https://twitter.com/BluffinMuffinD
Davido'sÂ©,GiftedHands_OFR,https://twitter.com/GiftedHands_OFR
Kranthiquotes,kranthimirinda,https://twitter.com/kranthimirinda
Andrea De Mauro,about_big_data,https://twitter.com/about_big_data
DGMG,joindgmg,https://twitter.com/joindgmg
NDMA India | à¤°à¤¾à¤·à¥à¤Ÿà¥à¤°à¥€à¤¯ à¤†à¤ªà¤¦à¤¾ à¤ªà¥à¤°à¤¬à¤‚à¤§à¤¨ à¤ªà¥à¤°à¤¾à¤§à¤¿à¤•à¤°à¤£ ğŸ‡®ğŸ‡³,ndmaindia,https://twitter.com/ndmaindia
Oluwakemi Adeleke,SpontaneousKemi,https://twitter.com/SpontaneousKemi
Saptarshi,SaptarshiTHC,https://twitter.com/SaptarshiTHC
Edinburgh Watch,EdinburghWatch,https://twitter.com/EdinburghWatch
ZakCher,secularinc,https://twitter.com/secularinc
SDxCentral IT Infrastructure News,sdxtech,https://twitter.com/sdxtech
SDxCentral News,sdxcentral,https://twitter.com/sdxcentral
Amber Naslund,AmberCadabra,https://twitter.com/AmberCadabra
ğŸ›  Dev Startup Jobs,DevStartupJobs,https://twitter.com/DevStartupJobs
Xavier Dias,reachxdias,https://twitter.com/reachxdias
Hagee Ministries,HageeMinistries,https://twitter.com/HageeMinistries
Juan manuel sanchez,Juanbilbo7,https://twitter.com/Juanbilbo7
Covance Jobs,CovanceJobs,https://twitter.com/CovanceJobs
Chief JusticeğŸ’¡ğŸ‡¬ğŸ‡­ğŸ’¡,Qhweku_Sterling,https://twitter.com/Qhweku_Sterling
James Jay Carafano,JJCarafano,https://twitter.com/JJCarafano
Pam,pamelaaobrien,https://twitter.com/pamelaaobrien
ã‚Šã‚Šã¾ã‚‹ã¯ã¡ã‚‡ã£ã¨å¿™ã—ã„,kmt_tzuz,https://twitter.com/kmt_tzuz
kumi.99 ^0^v,kumitsumo99,https://twitter.com/kumitsumo99
"gj1023, very happy in Angus.ğŸ´ó §ó ¢ó ³ó £ó ´ó ¿",gj1023,https://twitter.com/gj1023
Blkhwk0ps Servicios Digitales,BlkHwk0ps,https://twitter.com/BlkHwk0ps
Tony Healy,TonyHealy5,https://twitter.com/TonyHealy5
Florida_Boy ğŸ’°,Jay_Something1,https://twitter.com/Jay_Something1
Israel News Links,IsraelNewsLinks,https://twitter.com/IsraelNewsLinks
AyÃ³ ğŸ´â€â˜ ï¸,akanji_tomiwa,https://twitter.com/akanji_tomiwa
Loreto,Loreto_1910,https://twitter.com/Loreto_1910
Inc.,Inc,https://twitter.com/Inc
NÉªÊŸá´€ Ká´€ÊŸÊŸÊá´€É´ÉªğŸ¦,NilaKallyani,https://twitter.com/NilaKallyani
Office of Dr. Ashwathnarayan,OfficeofAshwath,https://twitter.com/OfficeofAshwath
Delissa Moreblood,BluffinMuffinD,https://twitter.com/BluffinMuffinD
Davido'sÂ©,GiftedHands_OFR,https://twitter.com/GiftedHands_OFR
Kranthiquotes,kranthimirinda,https://twitter.com/kranthimirinda
Andrea De Mauro,about_big_data,https://twitter.com/about_big_data
DGMG,joindgmg,https://twitter.com/joindgmg
NDMA India | à¤°à¤¾à¤·à¥à¤Ÿà¥à¤°à¥€à¤¯ à¤†à¤ªà¤¦à¤¾ à¤ªà¥à¤°à¤¬à¤‚à¤§à¤¨ à¤ªà¥à¤°à¤¾à¤§à¤¿à¤•à¤°à¤£ ğŸ‡®ğŸ‡³,ndmaindia,https://twitter.com/ndmaindia
Oluwakemi Adeleke,SpontaneousKemi,https://twitter.com/SpontaneousKemi
Saptarshi,SaptarshiTHC,https://twitter.com/SaptarshiTHC
Edinburgh Watch,EdinburghWatch,https://twitter.com/EdinburghWatch
ZakCher,secularinc,https://twitter.com/secularinc
SDxCentral IT Infrastructure News,sdxtech,https://twitter.com/sdxtech
